{
"apiVersion": "V2",
"assemblies": [
{
  "files": [
    {
      "filePath": "assembly_data_report.jsonl",
      "fileType": "DATA_REPORT",
      "uncompressedLengthBytes": "2610"
    }
  ]
},{
  "accession": "GCF_000187915.1",
  "files": [
    {
      "filePath": "GCF_000187915.1/cds_from_genomic.fna",
      "fileType": "CDS_NUCLEOTIDE_FASTA",
      "uncompressedLengthBytes": "40516381"
    },
    {
      "filePath": "GCF_000187915.1/GCF_000187915.1_Pbar_UMD_V03_genomic.fna",
      "fileType": "GENOMIC_NUCLEOTIDE_FASTA",
      "uncompressedLengthBytes": "239179055"
    },
    {
      "filePath": "GCF_000187915.1/genomic.gff",
      "fileType": "GFF3",
      "uncompressedLengthBytes": "101012877"
    },
    {
      "filePath": "GCF_000187915.1/protein.faa",
      "fileType": "PROTEIN_FASTA",
      "uncompressedLengthBytes": "13030596"
    },
    {
      "filePath": "GCF_000187915.1/rna.fna",
      "fileType": "RNA_NUCLEOTIDE_FASTA",
      "uncompressedLengthBytes": "53771912"
    },
    {
      "filePath": "GCF_000187915.1/sequence_report.jsonl",
      "fileType": "SEQUENCE_REPORT",
      "uncompressedLengthBytes": "1293483"
    }
  ]
}]}
