species	eligible	receipt_count
camponotus_floridanus	368	0
cardiocondyla_obscurior	191	0
dinoponera_quadriceps	14	0
formica_exsecta	25	0
harpegnathos_saltator	727	0
linepithema_humile	173	0
megachile_rotundata	187	0
monomorium_pharaonis	1685	0
nylanderia_fulva	40	0
odontomachus_brunneus	19	0
ooceraea_biroi	285	0
pogonomyrmex_barbatus	132	0
polistes_canadensis	115	0
polistes_fuscatus	293	0
solenopsis_invicta	574	0
temnothorax_americanus	387	0
temnothorax_curvispinosus	116	0
temnothorax_longispinosus	580	0
temnothorax_nylanderi	255	0
vollenhovia_emeryi	15	0
wasmannia_auropunctata	33	0
bombus_terrestris	1213	1
atta_cephalotes	241	31
acromyrmex_echinatior	625	95
anoplolepis_gracilipes	24	12
nasonia_vitripennis	1109	660
apis_mellifera	8774	6462
